{
  "best_cor": 519.0,
  "metric": "tenengrad",
  "all_results": {
    "514.5": 0.07541401723571677,
    "515.0": 0.07541775355679599,
    "515.5": 0.07543858581208226,
    "516.0": 0.07546256496696824,
    "516.5": 0.07552853237527359,
    "517.0": 0.07560304297137503,
    "517.5": 0.07568299773487279,
    "518.0": 0.07577787625998718,
    "518.5": 0.07584047232825336,
    "519.0": 0.0758786665531528,
    "519.5": 0.0758648003163772,
    "520.0": 0.07580788386347662,
    "520.5": 0.07576410468939214,
    "521.0": 0.07572404456529903,
    "521.5": 0.07569109031256539,
    "522.0": 0.07563839181008628,
    "522.5": 0.07560642793270303,
    "523.0": 0.07557984815927356,
    "523.5": 0.0755345793201907,
    "524.0": 0.07554136082289238,
    "524.5": 0.07554456038415747,
    "525.0": 0.0755311762594091,
    "525.5": 0.07553410146014201,
    "526.0": 0.07551386864017806,
    "526.5": 0.07552969176253721,
    "527.0": 0.07554926204109323,
    "527.5": 0.0755762728672867,
    "528.0": 0.07560628452848832,
    "528.5": 0.07557171176538705,
    "529.0": 0.07556769655883387,
    "529.5": 0.07555839308486835,
    "530.0": 0.07554499552845509,
    "530.5": 0.07556980428673875,
    "531.0": 0.0755875589331479,
    "531.5": 0.07556678884068507,
    "532.0": 0.07555001969628099,
    "532.5": 0.07556027088415523,
    "533.0": 0.07560450374835691,
    "533.5": 0.07561813791220992,
    "534.0": 0.07559318503104334,
    "534.5": 0.07558498291092795,
    "535.0": 0.07559437960937611,
    "535.5": 0.07560781412931614,
    "536.0": 0.07559896784054623,
    "536.5": 0.07559168351903106,
    "537.0": 0.07561767918757206,
    "537.5": 0.07561194086508652,
    "538.0": 0.075607694638126,
    "538.5": 0.07556776822006765,
    "539.0": 0.0755697404981535,
    "539.5": 0.07558494979172246,
    "540.0": 0.0755842723597993,
    "540.5": 0.07557083646293529,
    "541.0": 0.07556505189677389,
    "541.5": 0.0755724284427391,
    "542.0": 0.07558890219732088,
    "542.5": 0.07562592976483776,
    "543.0": 0.07560059199430569,
    "543.5": 0.07559805888523725,
    "544.0": 0.07560596484742717,
    "544.5": 0.07561278739393579,
    "545.0": 0.07560764509042033,
    "545.5": 0.07561340325161771,
    "546.0": 0.07562218337880672,
    "546.5": 0.0756044934167762,
    "547.0": 0.07560522199165437,
    "547.5": 0.07561549113722969,
    "548.0": 0.07563012916079691,
    "548.5": 0.07560205101324176,
    "549.0": 0.0755847026736158,
    "549.5": 0.07557579693911677,
    "550.0": 0.07557406521419309,
    "550.5": 0.07561720846992007,
    "551.0": 0.07560366811096547,
    "551.5": 0.07564154790113288,
    "552.0": 0.07564303603771697,
    "552.5": 0.07564900980187979,
    "553.0": 0.07562078428548316,
    "553.5": 0.07562527764898391,
    "554.0": 0.07561663050620357,
    "554.5": 0.07563618201705681,
    "555.0": 0.07563837849577,
    "555.5": 0.07560979917500936,
    "556.0": 0.07562138540913801,
    "556.5": 0.07562818816899311,
    "557.0": 0.07562346556413331,
    "557.5": 0.07562752092415309,
    "558.0": 0.0756429243812603,
    "558.5": 0.07564376600382765,
    "559.0": 0.0756478175178136,
    "559.5": 0.0756349410446667,
    "560.0": 0.07564071001569671,
    "560.5": 0.07566182814730796,
    "561.0": 0.07564771838226728,
    "561.5": 0.0756605141916442,
    "562.0": 0.07564975835030185,
    "562.5": 0.07565323562884889,
    "563.0": 0.0756601794341843,
    "563.5": 0.07567316508439047,
    "564.0": 0.07565298844056213,
    "564.5": 0.0756420157750809,
    "565.0": 0.07563012685171962,
    "565.5": 0.07564424895469711,
    "566.0": 0.07564079985994757,
    "566.5": 0.07559792366466067,
    "567.0": 0.07560023267361575,
    "567.5": 0.07559675456847034,
    "568.0": 0.07561581363674032,
    "568.5": 0.07561400407594203,
    "569.0": 0.07561035359667963,
    "569.5": 0.07559981058463075,
    "570.0": 0.07559524030848518,
    "570.5": 0.07560125408073376,
    "571.0": 0.07561848113348327,
    "571.5": 0.07562095213550618,
    "572.0": 0.07560299121806417,
    "572.5": 0.0755767913077009,
    "573.0": 0.07556331667785142,
    "573.5": 0.07559086569730751,
    "574.0": 0.07555184965896375,
    "574.5": 0.0755814013301012,
    "575.0": 0.07556664495718049,
    "575.5": 0.0755355701700793,
    "576.0": 0.07555402764163151,
    "576.5": 0.07552690069000112,
    "577.0": 0.07555694970824203,
    "577.5": 0.0755523370927557,
    "578.0": 0.07555242134465631,
    "578.5": 0.07555427494178801,
    "579.0": 0.07554380078057951,
    "579.5": 0.07554096453554628,
    "580.0": 0.07553727721775362,
    "580.5": 0.0755088573782155,
    "581.0": 0.07549437016980101,
    "581.5": 0.0755043827303742,
    "582.0": 0.07547857295786059,
    "582.5": 0.07548294145662414,
    "583.0": 0.07547128846089991,
    "583.5": 0.0754696234570273,
    "584.0": 0.07546209056494729,
    "584.5": 0.07544903881271672,
    "585.0": 0.0754464610009932,
    "585.5": 0.07544898809223197,
    "586.0": 0.0754319413239113,
    "586.5": 0.07543046402166652,
    "587.0": 0.0754173202651943,
    "587.5": 0.0754273440637364,
    "588.0": 0.07543361237426369,
    "588.5": 0.07542281165207027,
    "589.0": 0.07539995429945177,
    "589.5": 0.07538677069061839,
    "590.0": 0.0753785527516921,
    "590.5": 0.07537615608320389,
    "591.0": 0.07537895032799104,
    "591.5": 0.07537732156384087,
    "592.0": 0.07538599012193223,
    "592.5": 0.07539077378278085,
    "593.0": 0.07538775692146493,
    "593.5": 0.07538429745269358,
    "594.0": 0.07537241460517245,
    "594.5": 0.07534439446193975,
    "595.0": 0.07533634450673961,
    "595.5": 0.0753442436590451,
    "596.0": 0.07531422100568048,
    "596.5": 0.07531144407672835,
    "597.0": 0.07528783127718244,
    "597.5": 0.07528107934692997,
    "598.0": 0.07527342297597893,
    "598.5": 0.07528543323831105,
    "599.0": 0.07528122863667634,
    "599.5": 0.07527263067467177,
    "600.0": 0.07528130783408961,
    "600.5": 0.07527897117518276,
    "601.0": 0.07526277121119321,
    "601.5": 0.07524331589916321,
    "602.0": 0.07523425901846019,
    "602.5": 0.07525257279460726,
    "603.0": 0.07523961315260032,
    "603.5": 0.07520835512671212,
    "604.0": 0.07521006221789163,
    "604.5": 0.07522033419563846,
    "605.0": 0.07522520354888235,
    "605.5": 0.07522518867523559,
    "606.0": 0.0752332964487027,
    "606.5": 0.07524164055967843,
    "607.0": 0.07521751477649882,
    "607.5": 0.07522307519572943,
    "608.0": 0.07519877976478814,
    "608.5": 0.07519138522971808,
    "609.0": 0.07518795960124297,
    "609.5": 0.07518679395033186,
    "610.0": 0.07516026027408203,
    "610.5": 0.07518447699141366,
    "611.0": 0.07519416563530303,
    "611.5": 0.07517770828947963,
    "612.0": 0.0751869908609025,
    "612.5": 0.07517316267773105,
    "613.0": 0.07517714079307584,
    "613.5": 0.07515592894879562,
    "614.0": 0.07515419051305162
  }
}